usage_label,Count,Percentage
Daily,17570,76.93991942546856
Weekly,4058,17.770187423366615
Monthly,757,3.3149413207216676
